/* Delete the tables if they already exist */
drop table if exists Movie;
drop table if exists Reviewer;
drop table if exists Rating;

/* Create the schema for our tables */
create table Movie(mID int, title text, year int, director text);
create table Reviewer(rID int, name text);
create table Rating(rID int, mID int, stars int, ratingDate date);

/* Populate the tables with our data */
insert into Movie values(101, 'Gone with the Wind', 1939, 'Victor Fleming');
insert into Movie values(102, 'Star Wars', 1977, 'George Lucas');
insert into Movie values(103, 'The Sound of Music', 1965, 'Robert Wise');
insert into Movie values(104, 'E.T.', 1982, 'Steven Spielberg');
insert into Movie values(105, 'Titanic', 1997, 'James Cameron');
insert into Movie values(106, 'Snow White', 1937, null);
insert into Movie values(107, 'Avatar', 2009, 'James Cameron');
insert into Movie values(108, 'Raiders of the Lost Ark', 1981, 'Steven Spielberg');

insert into Reviewer values(201, 'Sarah Martinez');
insert into Reviewer values(202, 'Daniel Lewis');
insert into Reviewer values(203, 'Brittany Harris');
insert into Reviewer values(204, 'Mike Anderson');
insert into Reviewer values(205, 'Chris Jackson');
insert into Reviewer values(206, 'Elizabeth Thomas');
insert into Reviewer values(207, 'James Cameron');
insert into Reviewer values(208, 'Ashley White');

insert into Rating values(201, 101, 2, '2011-01-22');
insert into Rating values(201, 101, 4, '2011-01-27');
insert into Rating values(202, 106, 4, null);
insert into Rating values(203, 103, 2, '2011-01-20');
insert into Rating values(203, 108, 4, '2011-01-12');
insert into Rating values(203, 108, 2, '2011-01-30');
insert into Rating values(204, 101, 3, '2011-01-09');
insert into Rating values(205, 103, 3, '2011-01-27');
insert into Rating values(205, 104, 2, '2011-01-22');
insert into Rating values(205, 108, 4, null);
insert into Rating values(206, 107, 3, '2011-01-15');
insert into Rating values(206, 106, 5, '2011-01-19');
insert into Rating values(207, 107, 5, '2011-01-20');
insert into Rating values(208, 104, 3, '2011-01-02');

/* Find titles of all movies directed by Steven Spielberg */

select Title from Movie where director='Steven Spielberg';

/* Find all years that have a movie that received a rating of 4 or 5,
and sort the in increating order. */

SELECT year
FROM Movie 
WHERE mID IN (SELECT mID FROM Rating WHERE stars IN (4,5))
ORDER BY year;

/* Find the titles of all movies that have no ratings */

SELECT title
FROM Movie
WHERE mID NOT IN (SELECT mID FROM Rating);

/* Some reviewers didn't provide a data with their rating.
Find the names of all reviews who have ratings with a NULL
value for the date. */

SELECT name
FROM Reviewer
WHERE rID IN (SELECT rID FROM Rating WHERE ratingDate IS NULL);

/* Write a query to return the ratings data in a more readable
format;
reviewer name, movie title, starts, and ratingDate.
Also sort the data, first by reviewer name, then by movie title,
and lastly by number of starts */

SELECT name, title, stars, ratingDate
FROM Reviewer NATURAL JOIN Rating NATURAL JOIN Movie
ORDER BY name, title, stars;

/* For all cases where the same reviewer rated the same movie twice
and gave it a higher rating the second time, return the reviewer's
name and the title of the movie. */

SELECT Reviewer.name, Movie.title
FROM
(SELECT R1.rID, R1.mId
 FROM Rating R1 INNER JOIN Rating R2
 WHERE R1.ratingDate < R2.ratingDate AND
      R1.stars < R2.stars AND
      R1.mID = R2.mID AND
      R1.rID = R2.rID) RR NATURAL JOIN Reviewer NATURAL JOIN Movie;

/* For each movie that has at least one rating, find the highest
number of stars that movie received. Return the movie title and number
of stars. Sort by movie title. */

SELECT title, mStars as stars
FROM
(SELECT mID, MAX(stars) AS mStars
 FROM Rating
 GROUP BY mID) MStars
NATURAL JOIN
Movie
ORDER BY title;

/* For each movie, return the title and the 'rating spread', that is,
the difference between highest and lowest ratings given to that
movie. Sort by rating spread from highest to lowest, then by movie
title.  */

SELECT title, spread AS 'rating spread'
FROM Movie NATURAL JOIN
  (SELECT mID, MAX(stars) - MIN(stars) AS spread
   FROM Rating
   GROUP BY mID) SpreadTable
ORDER BY spread DESC, title;

/* Find the difference between the average rating of movies released
before 1980 and the average rating of movies released after
1980. (Make sure to calculate the average rating for each movie, then
the average of those averages for movies before 1980 and movies
after. Don't just calculate the overall average rating before and
after 1980.) */

SELECT year<1980 AS Before1980, AVG(avg)
FROM
(SELECT mID, AVG(stars) AS avg
 FROM Rating
 GROUP BY mID) AS AvgRatings
NATURAL JOIN Movie
GROUP BY Before1980;

SELECT (MAX(avgavg) - MIN(avgavg))
FROM
(SELECT year<1980 AS Before1980, AVG(avg) avgavg
 FROM
 (SELECT mID, AVG(stars) AS avg
  FROM Rating
  GROUP BY mID) AS AvgRatings
 NATURAL JOIN Movie
 GROUP BY Before1980) AS GroupedAvg;

/* Add the reviewer Roger Ebert to your database, with an rID of 209*/

INSERT INTO Reviewer VALUES (209, 'Roger Ebert');

/* Insert 5-star ratings by James Cameron for all movies in the
database. Leave the review date as NULL */

INSERT INTO Rating (rID, mID, stars, ratingDate)
(SELECT 207, mID, 5, NULL from Movie);

INSERT INTO Rating
SELECT 207, mID, 5, NULL from Movie;

/*For all movies that have an average rating of 4 stars or higher, add 25 to the release year. (Update the existing tuples; don't insert new tuples.)*/

SELECT mId, title, year+25 AS year, director
FROM
((SELECT mID
  FROM (SELECT mID, avg(stars) AS avgs
        FROM Rating
        GROUP BY mID) AS Avg
  WHERE Avg.avgs > 4) AS AvgID 
  NATURAL JOIN Movie);

SELECT mID
  FROM (SELECT mID, avg(stars) AS avgs
        FROM Rating
        GROUP BY mID) AS Avg
  WHERE Avg.avgs > 4;

UPDATE Movie
SET year=year+25
WHERE mID IN (SELECT mID
  FROM (SELECT mID, avg(stars) AS avgs
        FROM Rating
        GROUP BY mID) AS Avg
  WHERE Avg.avgs >= 4);